[{"id":"quarantine-photo-contest","name":"Quarantine Photo Contest","date":"May 13, 2020","image":"quarantine-photo-contest.jpg","description":" "},{"id":"vision-of-artistry-1.0-videography","name":"Vision of Artistry 1.0 Videography","date":"Sep 07, 2020","image":"vision-of-artistry-1.0-videography.jpg","description":"Videography is the way of making even the small details of our surroundings visible to us in an artistic way. A well-made video helps the audience to connect with that particular place, time, and feeling. You’ve probably got a device on you that can shoot decent video, so what’s stopping you? Capture and share some moments with us.\r\n\r\n◼️Videography:\r\n🔴Theme: Open\r\n🛑Total Prize money:- 2500 BDT\r\n1st place:- 1200 BDT\r\n2nd place:- 800 BDT\r\n3rd place:- 500 BDT\r\n\r\n🔘Registration fee:- 100 BDT\r\n\r\n🔹Use-\r\nCode-\r\n#videography\r\n#vision_of_artistry\r\nTheme name:\r\nParticipant's name:\r\nInstitution name:\r\nin your content post for approval.\r\n🔹Any adult, vulgar & offensive content is strictly prohibited.\r\n⭕ Time duration: Strictly less than 4 minutes\r\n✓ Submission procedure:\r\n• You must post your content in our group \"Fusion of Artistry\" and share it in your personal profile.\r\n• Group link: https://www.facebook.com/groups/225758185073772\r\n\r\n• Registration fee: Participants will have to pay 100 taka to confirm their registration in a particular category.\r\n\r\n** Participants will have to pay their submission fee via Bkash.\r\nBkash/Rocket/Nagad numbers:\r\n   01760828051\r\n   01861125988\r\n\r\n✓ Registration link:\r\n   https://docs.google.com/forms/d/1C94gAhe9SqpQF82MdVbdFIhByyv2AJ_2oWpucNmLujY/\r\n\r\n✓ OR contact with :\r\n   Nowrin Islam Rio: 01968852889\r\n   Tasnim Hussain: 01687008745\r\n   Nafizul kabir Niloy: 01968183532\r\n   MD Mahfuzur Rahman Rahat: 01790044483"},{"id":"trio-contest","name":"Trio Contest","date":"Sep 17, 2020","image":"trio-contest.jpg","description":"Hello artistic people, Hope that everyone's doing well and staying healthy. As you guys already know that we are holding our 50k special contest to pump up the excitement that we all are feeling And so to smooth the contest and to have a constructive well contest here are some rules to follow up in this contest:\r\n\r\n1. Categories\r\n\r\n• Photography\r\n(a) DSLR\r\n(b) Mobile\r\n\r\n• Art\r\n(a) Digital Art\r\n(b) Sketch\r\n(c) Painting\r\n(d) Face Art\r\n(e) Caricature\r\n\r\n• Dance\r\n\r\n2. This Contest is totally Free in Registration.\r\n\r\n3. We will be giving Prize money as a reward. The prize money is a total of 7k.\r\n\r\n4. You have to mention your name and institution, post category, and the name of your reference CA.\r\n(For example:\r\nName: Shah Jalal Alif\r\nInstitution: AUST\r\nCategory: Photography\r\nReference: Arifa Shobnom)\r\n\r\n5. You can post as many times as you want. But you can add only one picture to each post. (For photography)\r\n\r\n6. You have to use the HASHTAG\r\n#cotmtriocontest\r\n\r\n7. There will be honorable judges for each sector. Our honorable judges will be selecting the top 1st, 2nd, and 3rd.\r\n\r\n8. The winner will be selected on the basis of 40% sharing and 60% judging.\r\n\r\n9. There shouldn't be any border in your photos. (for photography)\r\n\r\n10. In pictures there can be your name as a watermark. But there shouldn’t be any logo or watermark on any app.\r\n\r\nNow let's rock !!! We hope for the best. BEST OF LUCK everyone 🌻\r\n\r\nআসসালামু আলাইকুম আশা করি সবাই ভাল এবং সুস্থ আছেন। আপনারা ইতিমধ্যে জানেন যে আমাদের গ্রুপের ৫০,০০০ মেম্বার্সের মাইলফলক অর্জন উপলক্ষে একটি স্পেশাল প্রতিযোগিতার আয়োজন করতে যাচ্ছি। যাতে করে আমরা সকলের সাথে আনন্দটা ভাগ করে নিতে পারি। তাই আসন্ন প্রতিযোগিতাটি সুন্দর এবং গঠনমূলকভাবে পরিচালনা করতে নিন্মোক্ত নিয়মাবলী সমূহ লক্ষ্য রাখতে হবে।\r\n\r\n১. ক্যাটাগরি সমূহঃ\r\n\r\n🔷 Photography\r\n👉 DSLR\r\n👉 Mobile\r\n🔷 Art\r\n👉 Digital Art\r\n👉 Sketch\r\n👉 Painting\r\n👉 Face Art\r\n👉 Caricature\r\n🔷 Dance\r\n\r\n২. প্রতিযোগিতাটি সম্পূর্ণ ফ্রি রেজিস্ট্রেশনে আয়োজন করা হবে।\r\n৩. প্রাইজমানি হিসেবে থাকছে সর্বমোট ৭০০০ টাকা!!\r\n৪. প্রতিযোগিতায় অংশগ্রহণ করতে পোস্টে প্রতিযোগীর নাম, শিক্ষাধীন প্রতিষ্ঠানের নাম, হ্যাশট্যাগ হিসেবে #cotmtriocontest ব্যবহার করা বাধ্যতামূলক এবং CA রেফারেন্স হিসেবে নির্ধারিত CA এর নাম উল্লেখ করতে হবে।\r\n(For example:\r\nName: Shah Jalal Alif\r\nInstitution: AUST\r\nCategory: Photography\r\nReference: Arifa Shobnom)\r\n৫. প্রতিযোগীর যত ইচ্ছা পোস্ট করতে পারবে। এবং পূর্বের পোস্টও আপনি ব্যবহার করে কনটেস্ট এ অংশগ্রহণ করতে পারেন।\r\n৬. প্রত্যেকটি সেক্টরে মাননীয় বিচারক ধার্য থাকবে। বিচারকগণ ১ম, ২য়, ৩য় হিসেবে বিজয়ী নির্বাচিত করবেন। এবং ৫ জন কে স্পেশাল মেনশন দেয়া হবে।\r\n৮. বিজয়ী নির্বাচনের ক্ষেত্রে ৪০% থাকবে মেম্বারদের শেয়ারের ওপর এবং বাকি ৬০% থাকবে বিচারকদের ওপর।\r\n৯. ছবিতে কোন বর্ডার ব্যবহার করা যাবেনা। (ফটোগ্রাফি)\r\n১০. ছবিতে অথবা ভিডিওতে প্রতিযোগীর নাম ওয়াটারমার্ক হিসেবে থাকতে পারবে কিন্তু কোন অ্যাপের লোগো বা ওয়াটারমার্ক থাকলে সেটা গ্রহনযোগ্য হবেনা।\r\n\r\nপ্রতিযোগিতাটি সুষ্ঠু এবং সুন্দরভাবে সম্পন্ন করার উদ্দেশ্যে প্রত্যেকের সহযোগিতা কামনা করছি। প্রত্যেকের জন্য আন্তরিক শুভকামনা রইল\r\n.\r\npromotional partner :\r\nDo follow and support them 👇\r\n👉 https://instagram.com/umme_s_kitchen?igshid=17s0juafo87ku\r\n\r\n👉 https://www.facebook.com/leoshopbd.com\r\n👉 https://www.facebook.com/eventplanner.mymenshingh/\r\n👉 https://www.facebook.com/portraitbyNiraAfsana/\r\n👉https://www.youtube.com/Channel/UCOWpAHsaatc7jk-1A_WBk8A\r\n👉 https://www.youtube.com/channel/UCpo0guvJlAMUCCfQFC-Om5g\r\n👉 https://www.facebook.com/Bunnon41/"},{"id":"collab-with-robi","name":"Collab with ROBI","date":"Dec 06, 2020","image":"collab-with-robi.jpg","description":"রবি'র আয়োজনে আসছে সকল প্রজন্মের শিল্পীদের অংশগ্রহণে দেশের প্রথম অর্কেস্ট্রা ও পারফরম্যান্স-এর ফিউশন। বিজয়ের সুরের নতুন এই এক্সপেরিয়েন্স-এ অংশ নিতে পারেন আপনিও। ১০ ডিসেম্বরের মধ্যে 'নোঙ্গর তোল তোল' গানটি গেয়ে কিংবা কোনো ইন্সট্রুমেন্ট বাজিয়ে কভার করুন, আপলোড করুন #bijoyershur #Robi লিখে অথবা ইনবক্স করুন রবি ফেসবুক পেইজে। সবাই মিলে এবার তৈরি করবো বিজয়ের সুরের নতুন এক্সপেরিয়েন্স।"},{"id":"200k-special-contest","name":"200K Special Contest","date":"Dec 26, 2020","image":"200k-special-contest.jpg","description":"\"GCC' and \"S-touch\" present COTM 200k ESPECIAL CONTEST.\r\nRULES AND REGULATIONS :\r\n•You have to mention your name and your institution's name in the caption. \r\n•You must specify the name of the CA in the reference you are posting. There is no problem even if there is no CA reference.\r\n•You must have to use the hashtag #COTM_200k_SPECIAL_CONTEST in the caption\r\n•If you don't use the hashtag, your post won’t be considered in the contest.\r\n•The same post cannot be repeated.\r\n•If there are different contents, they have to be posted separately.\r\n•Caption template\r\n#COTM_200k_SPECIAL_CONTEST\r\nName- Oishy Sheikh\r\nInstitution- VNC\r\nCategory -\r\nReference- Arifa shobnom\r\n.\r\n•The champions will be rewarded based on their particular skills. People's Choice Award will be given based on post reach.\r\n•There will be 5 Honourable Mentions based on skills and 5 special mentions based on the audience reaction.\r\n•During the running of the contest, a member can maintain the rules and participate in the competition with as many posts as he wants.\r\nThe competition will run from 27 December 2020 to 3 January 2021.\r\n Prize: 6000 BDT\r\n•ক্যাপশনে আপনার নাম, ইন্সট্রিটিউশনের নাম উল্লেখ করতে হবে।\r\n•যেই সিএ এর রেফারেন্সে আপনি পোষ্ট করছেন তার নাম উল্লেখ করতে হবে।  কোনো সিএ এর রেফারেন্স না থাকলেও সমস্যা নেই।\r\n•ক্যাপশনে অবশ্যই  হ্যাশট্যাগ ব্যবহার করতে হবে\r\n#COTM_200k_SPECIAL_CONTEST \r\n•হ্যাশট্যাগ না দিলে আপনার পোস্ট প্রতিযোগিতা থেকে বাতিল বলে গণ্য হবে।\r\n•একই পোস্ট বার বার করা যাবে না। \r\n•কনটেস্ট এ এ্যাটেন্ড করার মতে অনেক গুলো পোস্ট থাকলে তা ভিন্ন ভিন্ন করে পোস্ট করতে হবে। \r\n•ক্যাপশন লিখার নিয়ম-\r\nCaption template\r\n#COTM_200k_SPECIAL_CONTEST\r\nName- Oishy Sheikh\r\nInstitution- VNC\r\nCategory -\r\nReference- Arifa shobnom\r\n•দক্ষতা এর উপর ভিত্তি করে ফলাফল দেয়া হবে চ্যাম্পিয়ন কে , লাইক কমেন্ট এর ভিত্তিতে দেয়া হবে পিপল চয়েস উইনার।\r\n•৫ জন কে অন্যারাবল মেনশন এবং শেয়ারিং এর ভিত্তি তে ৫ জন কে স্পেশাল মেনশন দেয়া হবে।\r\n•কনটেস্ট চলা কালিনী সময় একজন মেম্বার রুলস মেইনটেইন করে যতটি ইচ্ছা তত টি পোস্ট দিয়ে প্রতিযোগিতায় অংশগ্রহন করতে পারবে।\r\nপ্রতিযোগিতা চলবে ২৭ ডিসেম্বর ২০২০ থেকে ৩ জানুয়ারি ২০২১"},{"id":"20-বিষ-challenge","name":"20-বিষ Challenge","date":"Jan 27, 2021","image":"20-বিষ-challenge.jpg","description":" "},{"id":"cotm-mega-fest","name":"COTM Mega Fest","date":"Mar 14, 2021","image":"cotm-mega-fest.jpg","description":"The wait is over. After rigorous planning and preparation we Castaway on the moon on the moon are proudly announcing the biggest International event in COTM's history \" Aakar-আকার prestents COTM MEGA FEST 2021\" with an amazing prize pool of 50,000BDT and awesome gifts we promise to provide the world with a new dawn of celebration. In this event we will empower ourselves with art, creators, participants from all over the world will showcase their talents and a have a chance to win this huge sum of Prizemoney. The event starts from 17th of march and submission ends in 10th of April. We will be opening this event with 10 segments and each and every segment will be open for everyone to participate. \r\nThe segments are: \r\n1. Photography \r\n2. Cinematography\r\n3. Digital art \r\n4. Typography  \r\n5. Singing  \r\n6. Dance \r\n7. Painting \r\n8. Sketch \r\n9. Face art \r\n10. Calligraphy\r\nSo get your art gloves on and start creating because its gonna be a blast. We hope for your best. We will announce the details soon.\r\n• We are very proud to present our Title Sponsor of COTM Mega Fest. That is none other than Aakar-আকার\r\nhttps://www.facebook.com/aakarbd/\r\nhttps://instagram.com/aakarbd?igshid=1dbxgpqfrky8x\r\n• Now presenting our honourable Co-Sponsor Fantabulous\r\nhttps://www.facebook.com/Fantabulous.com.bd/\r\n• Our Gold Sponsor ‘International Study Program’\r\nhttps://www.facebook.com/ispdhaka/\r\n• Silver Sponsor OrNot Corner\r\nhttps://instagram.com/ornot_corner?igshid=wmk8sqy3mds7\r\n• Silver Sponsor ‘Ifthi Overseas’\r\n• Silver Sponsor ‘HP Overseas’\r\n• Silver Sponsor The Mask Shop\r\nhttps://www.facebook.com/themaskshopbd/\r\n• Silver Sponsor ‘রঙের ভূবন’\r\n• Silver Sponsor ‘Hridoshy Food’\r\nhttps://www.facebook.com/hridoshyfood/\r\nWe are very grateful to all of our Sponsors for this contribution and honoured. Big thanks to all of them for supporting us and for being with us by all means. #cotmmegafest2021 #COTM"},{"id":"airtel-eid-challenge-2021","name":"Airtel Eid Challenge","date":"May 11-15, 2021","image":"airtel-eid-challenge-2021.jpg","description":" "},{"id":"rokomari-book-review-2021","name":"Rokomari Book Review - 2021","date":"May 23, 2021","image":"rokomari-book-review-2021.jpg","description":"\" রকমারি বুক রিভিউ প্রতিযোগিতা - ২০২১ \" \r\nশেষ হয়ে গেলো ২০২১ এর বইমেলা। প্রকাশিত হয়েছে অসংখ্য বই৷ নতুন ভূবনে নতুন সব চরিত্র নিয়ে পাঠকমহলে আলোচনা-সমালোচনা। প্রিয় লেখকের প্রকাশিত বই ইতিমধ্যে পড়া শেষ অনেকরই। আমরা বিশ্বাস করি বই নিয়ে আলোচনা করার মাধ্যমে নতুন একজন মানুষ বই পড়ার প্রতি আগ্রহী হবে। সে ভাবনা থেকে আয়োজন করা হচ্ছে রকমারি বুক ক্লাব কর্তৃক বুক রিভিউ প্রতিযোগিতা ২০২১৷ ঝটপট তৈরি করে ফেলুন বইয়ের রিভিউ আর জিতে নিন আকর্ষণীয় পুরষ্কার। এবার জেনে নেওয়া যাক বিস্তারিত। \r\n🎯 রিভিউ ধরনঃ\r\n• ভিডিও\r\n• লিখিত\r\n🎯 রিভিউ বইয়ের ক্যাটাগরি\r\nনির্দিষ্ট কোন ক্যাটাগরি রাখা হয়নি এই প্রতিযোগিতায়। তবে সুবিধার জন্য কিছু জনরা জানিয়ে দেওয়া হচ্ছে। থ্রিলার, রহস্য, রোম্যান্টিক\r\nরম্য, বৈজ্ঞানিক কল্পকাহিনী, রুপকথা, বায়োগ্রাফি শিক্ষামূলক, ভ্রমণ, ইসলামিক, ইতিহাস এসব সহ নানান ধরনের বই নিয়ে তৈরী করা যাবে রিভিউ। \r\n🎯 প্রতিযোগিতায় অংশগ্রহণ করা নিয়ে কিছু কথা \r\n➡️ প্রতিযোগিতায় অংশগ্রহণ করার জন্য রকমারি ডট কমে থাকা ২০২১ বইমেলায় প্রকাশিত যেকোন বইয়ের উপর রিভিউ করা যাবে। চাইলে জেনে নিতে পারো প্রকাশিত বইয়ের নাম গুলো (https://www.rokomari.com/boimela)\r\n➡ রিভিউ লেখার ক্ষেত্রে ন্যূনতম শব্দ সংখ্যা ৩০০ হতে হবে। ভিডিও রিভিউ করার ক্ষেত্রে সর্বনিম্ন ০২ মিনিটের হতে হবে।  \r\n➡ লিখিত রিভিউ লেখার ক্ষেত্রে দু'টি ধাপ অতিক্রম করতে হবে। প্রথমে রকমারির সাইটে থাকা বইয়ের নিচে রিভিউ সেকশনে রিভিউটা সাবমিট করতে হবে এবং দ্বিতীয় ধাপে রকমারি বুক ক্লাবের গ্রুপে পোস্ট করতে হবে। \r\n➡ লিখিত এবং ভিডিও রিভিউ দুটোই পোস্ট করতে হবে Rokomari Book Club এর পাবলিক গ্রুপে। গ্রুপের লিংক https://www.facebook.com/groups/3267282149975676\r\n➡ রিভিউ পোস্ট করার সময় অবশ্যই শুরুতে নিজের নাম, বইয়ের নাম এবং #Rokomari_Book_Club_Review_Competition  \r\nলিখতে হবে। \r\n➡ ভিডিও রিভিউের ক্ষেত্রে ক্যামেরার রেজুলেশন কিংবা ভিডিওর টেকনিক্যাল কোয়ালিটিকে গন্য করা হবে না। \r\n➡ রিভিউ লেখা শেষে রিভিউটা অবশ্যই নিজের টাইমলাইনে শেয়ার করতে হবে। \r\n➡ রিভিউটা পূর্বে কোথাও প্রকাশিত থাকা যাবে না। \r\n➡ একজন পাঠক যতখুশি তত বইয়ের রিভিউ লিখতে কিংবা ভিডিও রিভিউ করতে পারবেন।\r\n➡ রিভিউ প্রতিযোগিতা শেষে যাচাই বাছাই করে বিজয়ীদের নাম ঘোষনা করা হবে।\r\n➡ রিভিউ কপির অভিযোগ পেলে কিংবা বইয়ের সাথে সম্পৃক্ততা না পেলে বাতিল করা হবে। এব্যাপারে রকমারি বুক ক্লাবের সিদ্ধান্তই গৃহীত হবে।\r\n➡ এই প্রতিযোগিতায় প্রাপ্ত সকল রিভিউ রকমারি ডট কম বইয়ের প্রোমোশনের জন্য ব্যবহার করার এখতিয়ার রাখে। \r\n➡ রিভিউ এর মাধ্যমে দেশ, সমাজ, ধর্মদ্রোহী কোন কিছু প্রকাশ পেলে তা বালিল করা হবে এবং রিভিউকারীকে ব্যান করা হবে। \r\n🎯 সময়সূচী\r\n• রিভিউ জমা দেওয়া শেষ সময় -১৫ জুন ২০২১\r\n• ফলাফল ঘোষণা - ৭ জুলাই, ২০২১\r\n🎯 পুরুষ্কার \r\n➡ বিজয়ী সকলের জন্য থাকবে রকমারি বুক ক্লাবের পক্ষ থেকে ২০ হাজার টাকার বই।\r\n#COTM #COTMxROKOMARI  rokomari.com"},{"id":"pran-up-contest","name":"Pran Up Contest","date":"July 25, 2021","image":"pran-up-contest.jpg","description":"Greetings, \r\nThe COTM with PranUp contest was previously held on our original group but as the group has been closed down, some of the contents became unavailable to us. So we're temporarily re opening the submissions of \"COTM with PranUp\" contest. The rules and segments will be same as before - singing, dancing, Art, Product Photography and story writing. Do not forget to use the official hashtag #COTMwithPranUp or otherwise your posts will not be approved. The new submission deadline is 28th July 11pm sharp. Do participate via our new group and keep the fun fresh and upbeat! \r\nFor further updates keep an eye on our group and page. Stay safe, stay with COTM. Thank you."},{"id":"pran-frooto-cotm-returns-contest","name":"Pran Frooto COTM Returns Contest","date":"Aug 17, 2021","image":"pran-frooto-cotm-returns-contest.jpg","description":"Greetings and with much delight Castaway on the moon COTM finally presents the rules and regulations of \"PRAN Frooto presents COTM Returns\" Contest.\r\n\r\nCOTM in collaboration with Pran Frooto presents, COTM Returns contest with 7 most iconic segments including:\r\n\r\n• Photography\r\n• Calligraphy\r\n• Digital Art\r\n• Painting\r\n• Singing\r\n• Sketch\r\n• Dance\r\n\r\nThe segments were individually chosen with a view to represent the iconic flairs every artists hold and to represent them worldwide throughout the event.\r\n\r\nEach segment rules are individually attached please follow them thoroughly. Posts will not be approved or counted if any of the rules are violated.\r\n\r\nPlease use our hashtag while posting:\r\n\r\n#cotmreturns #cotm(segment name)\r\nExample: #cotmphotography #cotmdance #cotmcalligraphy #cotmsketch #cotmpainting #cotmsinging #cotmdigitalart\r\n\r\nOur contest will be starting from 20th August continuing upto 10th September. It will be held for 21days in total.\r\n\r\nAll members are requested not only to follow the contest rules but also our group policy. We request everyone to take part and also to make this platform healthy hence no harassment or bully towards others or participants otherwise actions will be taken.\r\n\r\nWe're also proud to present Pran Frooto as our title sponsor for whom the launch of this event is being successful. We're obliged and very thankful to them. Pran has given us a lot of support previously in hosting and even now, we're absolutely indebted to them, we really appreciate it. We couldn't be more delighted to have them as the renowned eminent title partner.\r\n\r\nIn addition we have our golden sponsor, 24/7 Beauty. We're thankful for their partnership and collaboration in this event. https://www.facebook.com/247beautybd/\r\n\r\nFurthermore, we've our silver sponsors without which the event wouldn't be complete! We cordially thank them and appreciate their support.\r\nAs our silver sponsors We have,\r\n1. https://www.instagram.com/umaizzaa/\r\n2. https://www.facebook.com/ধূসর-ক্যানভাস-114660537118192/\r\n3. https://www.facebook.com/dailyfishmart.bd\r\n4. https://www.facebook.com/BeautyfromBritain0605/\r\n\r\nLastly, COTM wishes everyone best of luck!\r\nStay safe and stay creative, participate to let everyone know the creativity you hold within.\r\n\r\n#cotm #cotmofficials #cotmreturns"},{"id":"cotm-x-eu","name":"COTM X EU","date":"Dec 31, 2021","image":"cotm-x-eu.jpg","description":"Greetings, we're announcing with delight that we're launching a new and the most exciting event ever launched in the history of Castaway on the Moon-COTM.\r\n\r\nThe event highlights the last 20 years of constant support provided by the European Union to the people of our country, especially in Social protection, Primary education, and Technical & Vocational training.\r\n\r\nThere are to be two significant segments in the event:\r\n• Photography\r\n• Art (including sketch and painting that holds particular meaning)\r\n\r\nTo mention the effective use of your content, these submissions are to be used to create a “Coffee Table Book,” which will be distributed in prestigious Coffee shop chains, Clubs, Libraries, Universities, and in The EU Bodies are related to this field. The coffee table book will vividly highlight your content which will represent our country worldwide.\r\n\r\nTotal prize money and gifts of 50,000 BDT will be given away along with certification and crests.\r\n\r\nThe mentionable rules of the event are:\r\n\r\n1. The main motto of this event is to represent Bangladesh, prosper together by personating our country. The artworks you post will be viewed internationally that represent even the little details of our country.\r\n\r\n2. We will select 30 top content from the participants. The chosen content must be mailed because a high-quality resolution is required to make the coffee table book.\r\n\r\nThe selected 30 winners or shortlisted participants will have to sign an agreement paper to permit the photo/artwork non-commercially worldwide in any form. A coffee-table book will be published with the photographer’s/artist’s name as a credit. The submitted photo/artwork must be entirely the work of the participant. In case of verification, the Castaway on the Moon-COTM reserves the right to ask for RAW files of the photo and artwork’s proof of authenticity. Failure to provide proof material on the due time can exclude the winners/participants from the contest. In the future use of the winning or shortlisted entries (photo or artwork) can be used in any form with credit worldwide without paying any further monetary benefits. Please note that COTM or EU holds no business motive or provincial benefit here.\r\n\r\n3. The participants must use the hashtags while posting photos or artwork on our page. Our event hashtags are #COTMxEU #ProsperTogether\r\n\r\n4. Participants also have to email the submitted content (photo/artwork) to the following email address mentioning their “full legal name,” copy of NID/passport or any form of government-issued photo ID, age (date of birth), current postal address, email address, photo/artwork title and caption/description for the photo/artwork (50 to 100 words), place of the photo taken. All photos/artwork must not be older than two years (after 1st January 2020 is allowed).\r\n\r\nThe email photo/artwork (photo of the artwork) specifications must be at least 4000 pixels at the longest side @300 PPI.\r\n\r\nIn the email subject, please write “Photo submission to the COTMxEU” or “Art submission to the COTMxEU.”\r\n\r\nAfter mailing, insert a screenshot of your email in the comment section of your post.\r\nOtherwise, we won't count it as a part.\r\n\r\nMail address :\r\ntalesofprosperity@prospertogether.eu\r\n\r\n5. All entries (photo or artwork) should be on the following themes :\r\n— Prosper Together\r\n— Primary Education\r\n— Technical & Vocation Education Training\r\n— Social Protection\r\nParticipants are free to interpret the above themes creatively in the context of Bangladesh.\r\n\r\n6. There is no restriction on the number of photo/artwork submissions from a single participant. You can submit both photos or artwork as many as you want, but in every case, you have to follow the above submission rules, and one submission at a time is a must. Failure to respect the rules will disqualify your entry without any prior notice.\r\n\r\n7. All photo and artwork submissions must be reached on the specified deadline. No submission would be granted for the judging if was submitted after the deadline.\r\n\r\n8. Castaway on the Moon-COTM and European Union (EU) are not liable for any loss of the entrants for submitting to the contest. The COTM reserves the right to cancel or postpone the contest in any adverse situation or circumstances without prior notice. The judging will be non-partisan, and the judge’s decision will be final.\r\n\r\nEveryone is more than welcome to participate in this following event by maintaining the rules but please keep in mind that peace is a must. Be respectful towards each other and help each other prosper together only then can we fulfil the main motto of this event which is illustrating the uniqueness of Bangladesh via unity."},{"id":"letter-writing-fest-22","name":"Letter Writing Fest 22","date":"Feb 18, 2022","image":"letter-writing-fest-22.jpg","description":"ভালোলাগার মানুষের কাছে চিঠি লেখাটা একটা অসাধারণ অনুভুতি। প্রযুক্তির কল্যানে চিঠি লেখা থেকে অনেক দূরে আমরা। কিন্তু ভালোবাসা হারায়নি, হারায়নি ভালোবাসার মানুষগুলোও। তবে কেনো হারিয়ে যাবে ভালোবাসার মানুষের কাছে লেখা চিঠি?\r\nআসছে ২১শে ফেব্রুয়ারি আন্তর্জাতিক মাতৃভাষা দিবস উপলক্ষে একটা চিঠি লিখুন না আপনার ভালোবাসার মানুষকে!\r\nআমরা প্রকাশ করব আপনার চিঠিটি এবং সেরা ১০টি চিঠির লেখক এর জন্য থাকছে ভালোবাসার উপহার।\r\nচিঠি শেয়ার করার নিয়মাবলী-\r\n১। পরিস্কার কাগজে নিজ হাতে চিঠি লিখুন\r\n২। আপনার ভালোবাসার যে কারো উদ্দেশ্যে লিখতে পারেন এই চিঠি\r\n৩। আপনার হাতে লিখা চিঠির পরিস্কার স্ক্যান কপির পিডিএফ আপলোড করুন আমাদের দেয়া গুগল ফর্মে\r\nhttps://forms.gle/b72i8KY7JFfk2WLn9\r\n৪। চিঠির স্ক্যান কপি শেয়ার করুন এই পোস্টের কমেন্টবক্সে এবং আপনার নিজ প্রোফাইল থেকে\r\n৫। চিঠি শেয়ার এর সময় অবশ্যই হ্যাশট্যাগ ব্যাবহার করুন #LetterWritingFest_22\r\nOrganised by COTM\r\nAn initiative by শুভ্রনীল\r\nEditing courtesy Tarek Mahmud\r\n#cotm #cotmofficials"}]